run_name,seed,epoch_tag,num_epochs,best_val_epoch,best_val_acc,gap_acc_best,gap_loss_best,final_gap_acc,final_gap_loss,val_macro_f1,val_weighted_f1,recall_Cavity,recall_Fillings,recall_Impacted_Tooth,recall_Implant,recall_Normal,test_acc,test_macro_f1,test_weighted_f1,test_recall_Cavity,test_recall_Fillings,test_recall_Impacted_Tooth,test_recall_Implant,test_recall_Normal,aug_desc,notes
ref-best-combo,2,15-epoch,15,10,0.8964285714285715,-0.0067703510396498,0.0348038635111235,0.0224064876392513,0.0711222721000571,0.8496728957652507,0.8947591299946106,0.6046511627906976,0.9,0.8157894736842105,0.9874213836477987,0.8966666666666666,,,,,,,,,rotation10+perspective+hflip+vflip+autocontrast+jitter+blur,reference / control run
ref-best-combo,13,15-epoch,15,13,0.8940476190476191,0.0065121923843196,0.0505643681148439,0.012193787355838,0.0598670537382017,0.853903523996744,0.8931371603048365,0.627906976744186,0.9,0.8947368421052632,0.9559748427672956,0.8933333333333333,,,,,,,,,rotation10+perspective+hflip+vflip+autocontrast+jitter+blur,reference / control run
ref-best-combo,42,15-epoch,15,7,0.8916666666666667,-0.0058387350225889,0.0053484910022334,0.0197070460476471,0.0659156300391671,0.837532413996531,0.8911552890716927,0.6046511627906976,0.8933333333333333,0.868421052631579,0.9748427672955976,0.89,,,,,,,,,rotation10+perspective+hflip+vflip+autocontrast+jitter+blur,reference / control run
random-resize-crop-scale0.7,2,15-epoch,15,9,0.888095238095238,0.000237113112776,0.0101515894966991,0.0138023683250554,0.0381180443475268,0.8333671925564188,0.8883863679730404,0.6511627906976745,0.8866666666666667,0.868421052631579,0.981132075471698,0.8766666666666667,,,,,,,,,rotation10+perspective+hflip+vflip+autocontrast+jitter+blur+randomcrop,reference / control run
ref-best-combo-test,2,15-epoch,15,10,0.8964285714285715,-0.006770351039649847,0.03480386351112358,0.02240648763925135,0.07112227210005712,0.8496728957652507,0.8947591299946106,0.6046511627906976,0.9,0.8157894736842105,0.9874213836477987,0.8966666666666666,0.8680738786279684,0.7774903290751104,0.8695901516565362,0.4090909090909091,0.8766666666666667,0.84375,0.9519230769230769,0.8666666666666667,rotation10+perspective+hflip+vflip+autocontrast+jitter+blur,reference / control run
