run_name,seed,epoch_tag,num_epochs,best_val_epoch,best_val_acc,gap_acc_best,gap_loss_best,final_gap_acc,final_gap_loss,val_macro_f1,val_weighted_f1,recall_Cavity,recall_Fillings,recall_Impacted_Tooth,recall_Implant,recall_Normal,aug_desc,notes
ref-best-combo,2,15-epoch,15,10,0.896428571428572,-0.00677035103964985,0.0348038635111236,0.0224064876392514,0.0711222721000571,0.849672895765251,0.894759129994611,0.604651162790698,0.9,0.815789473684211,0.987421383647799,0.896666666666667,rotation10+perspective+hflip+vflip+autocontrast+jitter+blur,reference / control run
ref-best-combo,13,15-epoch,15,13,0.894047619047619,0.00651219238431966,0.0505643681148439,0.0121937873558381,0.0598670537382017,0.853903523996744,0.893137160304837,0.627906976744186,0.9,0.894736842105263,0.955974842767296,0.893333333333333,rotation10+perspective+hflip+vflip+autocontrast+jitter+blur,reference / control run
ref-best-combo,42,15-epoch,15,7,0.891666666666667,-0.00583873502258891,0.00534849100223345,0.0197070460476472,0.0659156300391671,0.837532413996531,0.891155289071693,0.604651162790698,0.893333333333333,0.868421052631579,0.974842767295598,0.89,rotation10+perspective+hflip+vflip+autocontrast+jitter+blur,reference / control run
random-resize-crop-scale0.7,2,15-epoch,15,9,0.888095238095238,0.000237113112776077,0.0101515894966991,0.0138023683250554,0.0381180443475269,0.833367192556419,0.88838636797304,0.651162790697675,0.886666666666667,0.868421052631579,0.981132075471698,0.876666666666667,rotation10+perspective+hflip+vflip+autocontrast+jitter+blur+randomcrop,
